x,y,class
-4.5509283463222125,6.17290892657829,0.0
13.657456319996221,-6.027372911478916,0.0
15.44199157957291,-1.5311949894134977,0.0
-7.389445363762685,4.032500909158098,0.0
8.005793891455209,-11.29193371226876,0.0
1.6244959311238873,5.31514281860689,0.0
-7.416628117133568,-8.4803373103821,0.0
-2.5510556098722392,-12.070275302978585,0.0
0.8362801549747371,-12.778453744213648,0.0
14.995663937503616,-3.037844890999808,0.0
5.628309038513024,-12.299294149676669,0.0
-4.053943047006594,-11.285977905285543,0.0
11.683361937268591,-8.569201027680787,0.0
15.006127672864903,-2.3393487338159025,0.0
3.046167408920196,4.005049122218315,0.0
15.655019947324314,-0.9062812844945559,0.0
-1.9421784202095933,6.5807292722642154,0.0
11.88692578864755,-8.506672171289363,0.0
-9.71331557350642,-1.7536777580313867,0.0
-5.03679183823447,5.867647127455561,0.0
-6.07845738588225,-9.852550288838529,0.0
4.102295998824706,-12.41289677832091,0.0
-8.111788168649653,-7.432502647329985,0.0
0.6130082265443708,6.157527718130193,0.0
1.9136858036637325,-12.706538025743741,0.0
14.221091693115305,-4.697911055372635,0.0
-8.045622900912027,-7.429782323046787,0.0
-8.744484693548854,1.9432127142524216,0.0
-5.8427747650047115,-9.78757558929514,0.0
1.127850075144302,5.692274894652685,0.0
11.987037444899395,-8.179055329846541,0.0
12.367021405361243,-7.775180540756303,0.0
1.2296033478482338,-12.765967294474342,0.0
-8.754556116597298,-5.830180438661483,0.0
11.441905007564747,-8.692977311151434,0.0
-0.3623748910802851,-12.534126682441197,0.0
12.216087620625979,-7.826431952586683,0.0
3.58137153298036,-12.729675477920614,0.0
10.848039741996674,-9.317321413326974,0.0
1.763682694129391,-12.701871219661466,0.0
-7.060270154545083,-8.76137942768321,0.0
15.263670047239453,-2.1203494395927427,0.0
-0.994976686071078,-12.500948662295572,0.0
2.288701121182589,-12.668727407894227,0.0
-8.974206598557451,1.5124992984820835,0.0
3.3001968952358154,-12.681821532528916,0.0
0.4188220638326156,-12.53912094461735,0.0
-7.800392741700827,3.6606261486963247,0.0
0.32782993949038497,6.399677711607903,0.0
2.075009034872145,-12.6173132202599,0.0
10.077960841619687,-10.1211592140401,0.0
-1.9472789825830243,-12.060560749796549,0.0
-8.91490320704438,1.354481637724756,0.0
5.384427929046944,-12.409372141106967,0.0
-1.395129670550019,6.460480460005499,0.0
-6.01279093975691,-9.939066599098563,0.0
-6.827983360356023,4.451816335890032,0.0
-7.6649082015514125,3.6652306020845886,0.0
-8.22966825808097,2.7044897481449057,0.0
-8.009273948518427,-7.7599590184326015,0.0
0.8562469743665212,5.957095702793125,0.0
-7.555227352281382,-8.029790318193838,0.0
-2.760732476728962,-11.821515757728934,0.0
-3.9506726928218763,-11.212751909158579,0.0
-8.091057882971713,-7.348135596022272,0.0
12.641831709873603,-7.307639438993703,0.0
-5.868819395869485,5.4162572302942475,0.0
-2.999908595532558,-11.801761846804007,0.0
0.035503566097842755,6.2991941944283285,0.0
-0.7037250131289066,6.5772925661473725,0.0
0.5623602793996773,-12.70657242136791,0.0
0.11249396528912663,-12.38464295696549,0.0
13.796442051190777,-5.801232356718001,0.0
-0.07789154599315323,-12.521930581783225,0.0
15.341059396774718,-2.033919415760746,0.0
1.1834632963999043,5.836773385482798,0.0
-2.8698113576338358,6.353221157651408,0.0
1.4559408371581657,5.542595868531125,0.0
-7.856572806369075,3.5101669048758404,0.0
-1.2583215606639535,-12.323379850303507,0.0
4.2908489910682945,-12.398665818892635,0.0
1.4430602544158797,5.736753067442377,0.0
15.231827183629628,-2.8681515800807476,0.0
12.779265362109319,-7.050325964580899,0.0
-9.748889247897754,-2.733522047863174,0.0
-1.173409696510712,6.454092190486793,0.0
-7.055818541507909,4.3780269439723964,0.0
-4.700860862139487,5.999605544271228,0.0
-4.6672479898949435,6.013187285628751,0.0
-2.3649099430228526,-11.956674792006007,0.0
-9.375567914313892,0.18478604200669466,0.0
-8.632746665351116,-6.2229258776727585,0.0
15.413691013963057,-0.5856052149738608,0.0
6.298022865140245,-12.117335064885754,0.0
15.19514595638377,-2.472381201263334,0.0
-5.58064825412391,5.544290458958959,0.0
-7.9687608901612546,-7.325065341832725,0.0
-0.34986103371256094,-12.412409519659072,0.0
-1.2003524113171384,6.560123790934216,0.0
3.4415579966618344,1.5107498121497063,0.0
5.587563532908638,-12.111467103135512,0.0
4.271552434761735,-12.668763592560934,0.0
-6.946658249267838,-8.757995256822438,0.0
-3.635148678792607,-11.441236457599281,0.0
-6.872055323023955,-8.754735442479157,0.0
2.899867493858292,4.301779673253987,0.0
-9.213636122945791,-4.9196564889059795,0.0
-7.420586111485057,4.130501199911603,0.0
-2.594366715237617,6.4357464977533505,0.0
15.193167726590445,-2.0800517932835416,0.0
2.109571588990215,-12.734494086240124,0.0
8.372074628101803,-10.94713605511685,0.0
-9.312244718851597,-3.8593560833468477,0.0
-7.8343681205541955,-7.929449490890386,0.0
-9.167589462368321,0.8240642134553235,0.0
-2.7279900003054727,6.623903836869451,0.0
-7.632422168930807,3.8620268654459573,0.0
11.262020295994647,-8.949146877297967,0.0
6.0817101614705935,-12.19243572411305,0.0
-0.9006620475486159,-12.657999514082508,0.0
-4.545396965827568,-10.934167908295631,0.0
14.733979291026037,-3.681645043033956,0.0
-0.8148018604075411,6.506940855417774,0.0
-9.573077619849897,-2.0138835579341996,0.0
-8.778254081182638,-5.788605879986163,0.0
10.661710402318231,-9.68057033253108,0.0
15.842046898775509,-0.23196813235114253,0.0
-9.267712070880513,0.4417922371229061,0.0
13.633921713586497,-5.7848868701855505,0.0
12.228887017155698,-7.617947667443638,0.0
-9.002760490080549,1.3906890746077156,0.0
-7.521816118531643,-8.283461212418914,0.0
-7.030336977240075,-8.585537611713407,0.0
15.579780238033532,-1.154804560818525,0.0
-7.686819731350076,3.848002983739944,0.0
11.31798417972216,-8.933348297852405,0.0
-9.111194187651792,-5.0817490649891175,0.0
8.656599413244235,-11.198948813195424,0.0
-6.654295456371225,-9.02702572481243,0.0
0.9132030902920982,-12.726846287027618,0.0
12.460292099555929,-7.689927238136138,0.0
11.521954864547796,-8.636789068022349,0.0
13.583636912647808,-6.131488986216977,0.0
0.09427817035005556,6.178455386939343,0.0
6.656182052809862,-11.869030791984502,0.0
-5.593559271458723,5.62563475235036,0.0
-6.863088795418145,-9.013965072669276,0.0
-0.6065437694564202,-12.405384139222674,0.0
-7.431140417314448,-8.265682712343182,0.0
-2.4617201144258045,-11.927741317026491,0.0
15.643960699662589,-0.36500217913901517,0.0
-5.140801123113829,5.658044690000487,0.0
5.930895585836735,-12.207406753565177,0.0
-7.557094739011767,-8.010692348925536,0.0
-5.125631172831652,5.8518472678215225,0.0
-6.672045737641484,5.004392113162531,0.0
15.236570558461453,-2.522447534023779,0.0
13.720797001111674,-5.730019272805681,0.0
14.656960826731343,-4.338084953800248,0.0
15.706137972192796,-0.3876006979895377,0.0
-8.604365400641996,2.527462249878581,0.0
-8.811069280564622,-6.013486973562881,0.0
5.556752177262444,-12.32877190013249,0.0
-4.009615284267204,-11.327162159128108,0.0
-6.692852704224138,-9.138969971988486,0.0
-8.675570474936634,-6.0992985056641835,0.0
1.5799093038128422,-12.59903840451702,0.0
0.8798943864100083,-12.471653902332688,0.0
-6.676285088586255,4.8228385410781955,0.0
-4.473821371039869,-10.741203417238193,0.0
-0.5349741864552493,-12.539428707310263,0.0
0.4468317006250892,-12.740350960694938,0.0
-8.56786349958722,2.386711816093377,0.0
8.819191762567307,-10.633573408115181,0.0
2.987938371703354,4.325670204557763,0.0
-8.634889891717823,-5.9719475907441515,0.0
10.541512938801604,-9.499505014236396,0.0
-0.03688429678069356,-12.44943718837696,0.0
-9.505759930098643,-0.5333883291391753,0.0
6.83996947950738,-11.725518660771488,0.0
0.29327653064137493,-12.520041677526313,0.0
11.212255441481926,-8.936199879195959,0.0
8.73980977536548,-10.914912985095512,0.0
2.6600842528777,-12.634957054957383,0.0
-3.719883446299598,-11.447103155463102,0.0
-5.213166193153219,5.90381791443489,0.0
-9.405651318514975,-0.7924895209413402,0.0
-6.613613289039229,-8.984147150132767,0.0
2.2601049998607983,-12.806484559584982,0.0
-2.633091871886786,-11.828600501480558,0.0
-9.599749443418077,-2.2709984181705885,0.0
3.425112559710317,1.8499048200705506,0.0
-3.331195373613449,-11.463783286638325,0.0
-9.682488518182474,-2.1742830113395666,0.0
8.863009935752045,-10.791554691491875,0.0
2.7881139998852507,4.202246729746454,0.0
1.010401422075702,-12.65741004975848,0.0
15.021262492003421,-2.9411762915280084,0.0
-7.488241444872965,4.0921185489215075,0.0
-4.4797622455815755,-10.900707393468249,0.0
-2.449125293538802,6.654574231822694,0.0
3.3357000759122495,-12.482175965115669,0.0
-0.8358086827174243,-12.530252768984857,0.0
-7.241054660091435,-8.41419890656289,0.0
-1.9687572635654866,-12.244602174808138,0.0
14.24635599153752,-5.046992031427671,0.0
-8.243871247457136,2.954353252691566,0.0
2.9475016268265137,3.937484225648036,0.0
13.329308846769495,-6.608802207585963,0.0
0.8186666703429658,-12.62326965503596,0.0
13.937088893832856,-5.213794824749952,0.0
1.8797053419676164,-12.683112654963054,0.0
11.426613823221178,-8.419314452749855,0.0
-6.429526706451882,-9.404444806067282,0.0
9.287258865321437,-10.398088725865414,0.0
14.62502484730373,-4.184780448712039,0.0
0.509733328688671,-12.755159537719656,0.0
-7.705003983780098,3.9487894223305835,0.0
-9.690351894705207,-1.1762772480476926,0.0
-8.218523252426772,2.831833172243859,0.0
-9.391222478402982,0.16811919264075112,0.0
-9.589436437184883,-3.4249344914603492,0.0
-0.4351245765389705,-12.540207905380289,0.0
1.4163699743030653,-12.671985177962796,0.0
-6.54384119521228,-9.27306818256343,0.0
2.7861392620323238,-12.78552558145797,0.0
-1.2765650068736694,6.514140458180402,0.0
-2.111014470272439,6.683996458369571,0.0
-7.36016722170674,4.321979261411925,0.0
-2.2220208431343225,-11.75997492949012,0.0
-8.776438338358483,2.203225409833305,0.0
-9.660746489128499,-1.8635209098679189,0.0
-7.532959528644954,-8.35255500038573,0.0
11.731023640176728,-8.34918165841364,0.0
3.5731365055112483,3.109863873454152,0.0
4.6404745959913205,-12.514874312420163,0.0
5.635110321516799,-12.201174627534902,0.0
11.140664057987015,-8.808290727689144,0.0
14.811410713878923,-3.2085503468808536,0.0
2.8096023800642205,3.744180569174909,0.0
-6.367617075024923,5.133391437399572,0.0
14.062311951762354,-5.455272848111695,0.0
-5.097595733271413,-10.429436530229877,0.0
0.08794512306682166,-12.613722246133149,0.0
5.252451397218048,-12.320291414974044,0.0
5.9870944994636766,-11.985437989684236,0.0
14.929752492763269,-3.410384573702153,0.0
15.764647500111295,0.04405058820455224,0.0
7.856101591183796,-11.421031018640976,0.0
-9.595715842259281,-2.2705103609532404,0.0
13.901273171500486,-5.6366467352035245,0.0
1.0015094505887638,5.895516762510102,0.0
-9.04491492186309,1.1002300039885902,0.0
14.510050645454344,-4.896812695571975,0.0
-9.505439575937217,-0.32624772026652815,0.0
-8.842091882949683,1.68644048409972,0.0
-5.480250867003005,5.778139085060423,0.0
13.273855253707438,-6.473842742912256,0.0
-3.153458208213941,-11.507246406613302,0.0
5.868653153343324,-12.22493863105267,0.0
-9.365420118077301,0.6365925241498573,0.0
9.70299503217071,-10.256025922461431,0.0
9.910614704166505,-10.26789419775133,0.0
-9.429553557049845,-3.653653031809116,0.0
-6.993656198141066,-8.717197862970774,0.0
-8.610541284328983,2.390323888509465,0.0
15.592142021425076,-1.2585175957055499,0.0
4.3942766269843645,-12.325912061927244,0.0
14.861548671556191,-3.2637138995141357,0.0
-9.522984860912471,-3.136106511789213,0.0
10.547651925131088,-9.397275469297819,0.0
9.942767458844557,-10.046347254308248,0.0
6.690934934056666,-11.757091933815847,0.0
15.428157516792055,-1.8063424139027278,0.0
-7.799307668342678,-7.7643924801282775,0.0
-4.850549249396506,5.87482652948384,0.0
5.747749715054924,-12.236282247984766,0.0
8.363231292229724,-11.045319989887806,0.0
0.5089262762367607,-12.572784115835434,0.0
-8.515721933475655,2.42458208904033,0.0
-3.027093448346071,-11.767409161876827,0.0
-9.467264834877124,-3.6884147087162864,0.0
-6.490332433190183,-9.463322865330138,0.0
4.145845801677779,-12.319467600376594,0.0
9.097268719922873,-10.65102243150491,0.0
-9.168418037430763,1.1270500175504679,0.0
-7.217836319183466,-8.41280143642703,0.0
-9.663564385662564,-1.23748320472029,0.0
-8.07008423669567,2.925488930692057,0.0
10.513836882917186,-9.348377843094594,0.0
14.615697546389278,-4.370726968180088,0.0
-8.400431059955404,-6.676723772095276,0.0
9.482654399186206,-10.321179203897497,0.0
14.227771672957106,-4.81675806784303,0.0
12.989662526746685,-7.1402455556486055,0.0
-7.686614208042263,3.634691633351204,0.0
15.17190888205426,-2.196931776787193,0.0
-8.056293395184488,-7.093607796114199,0.0
-9.099758070841403,-5.125098634252387,0.0
0.027578027500689634,6.064299418363511,0.0
-3.749190237540905,-11.256880683297307,0.0
-3.622403067111175,6.400859191348905,0.0
-9.346455808697348,0.058670487393166895,0.0
-9.485746082000745,-3.808674731847642,0.0
11.636629084837244,-8.495097634545344,0.0
13.70643136976753,-5.728249657698035,0.0
-9.711316651950963,-3.1262152730918027,0.0
13.16612658485467,-6.48136303747558,0.0
13.337342326061192,-6.472957704002572,0.0
10.0451435445888,-9.89526239264645,0.0
-5.906800177541005,5.225534072561132,0.0
6.631678236884247,-11.892361752224975,0.0
15.093257633602496,-2.710728212187122,0.0
6.362830121091319,-11.95546514086629,0.0
-9.24132873192542,-4.692920337887119,0.0
-3.1506807122049785,-11.6902561092495,0.0
4.48725271108982,-12.489844071311042,0.0
-2.7558280767117203,-12.023222079251102,0.0
-4.108414399023657,6.306475146161877,0.0
-9.632895180195739,-3.7102891572037704,0.0
11.582026456041385,-8.764290570411353,0.0
13.283342463411874,-6.491811472921284,0.0
-5.381588683044677,5.780904236894992,0.0
15.039916740717304,-2.6072763969757546,0.0
-9.311074460690762,-4.608200230765587,0.0
5.1146684063751655,-12.318338486035332,0.0
9.359201656973626,-10.453009047895849,0.0
11.74607960019995,-8.249986130257392,0.0
15.229313381606305,-2.7302873401126866,0.0
-9.45034091093005,-3.6309131114805404,0.0
13.26933872536584,-6.5475118057958905,0.0
-5.125669638736925,5.970442402970685,0.0
7.224891216234026,-11.643557029337304,0.0
9.17521196490753,-10.756640920376391,0.0
5.916027579070534,-11.97414538397238,0.0
-9.287182706909785,-0.09464151097222084,0.0
13.611235954664922,-6.1195391902829765,0.0
-7.037980935821086,4.355550162386104,0.0
0.8054457099698877,6.050065420399688,0.0
8.020927731424042,-11.218217924192825,0.0
-4.388613266982735,-11.033114324215065,0.0
12.926082802848875,-7.264297664052959,0.0
-8.005721542983087,-7.384109715839705,0.0
-6.9772804146252465,4.313889355836197,0.0
12.665539844359321,-7.685109271799875,0.0
-0.7123684970410756,-12.714634424577566,0.0
-7.837001543968259,3.5015315490696404,0.0
8.191923268562135,-11.22069779181116,0.0
-2.6127701623202313,-11.854815903763319,0.0
2.2409025893117023,-12.580966736119732,0.0
-5.19515788367651,-10.463404296833472,0.0
12.064631975825344,-7.6254686909804885,0.0
12.394415724501588,-7.8931587071214855,0.0
7.508342183152747,-11.487168784931097,0.0
-3.315973367549257,6.2796629705252,0.0
12.676577609397878,-7.410296236127948,0.0
5.649753396558022,-12.211802015787503,0.0
7.04367065972909,-11.677076175387201,0.0
-8.558865313171097,-6.426451655216242,0.0
13.721404784082406,-5.631982975156654,0.0
8.354735957739267,-11.042951816362137,0.0
-3.788996510802291,6.536120016111678,0.0
-7.141673249822353,-8.571134574489617,0.0
13.923960760289006,-5.4763724784674475,0.0
1.1348071328668332,5.772332189837245,0.0
15.355870307422457,-1.9682810826331643,0.0
6.062006777854718,-11.912303673825237,0.0
3.6778725383250266,-12.643187976025606,0.0
-9.627408475686366,-1.2787727416773493,0.0
-9.592940929277264,0.024386257722656048,0.0
15.03418049423376,-2.7457802831601184,0.0
-9.507704633616957,-2.875917733835207,0.0
10.365650188512125,-9.749206059390866,0.0
-7.71914920139666,-7.723261719756044,0.0
-5.374566034503694,5.515088448691581,0.0
3.4642414271337527,2.693456994367456,0.0
-1.109632581296704,-12.310230460852363,0.0
15.493217113118016,-1.3528418730814822,0.0
-8.455931417056199,-6.693371125581718,0.0
-8.80552306306983,-6.238963916033648,0.0
-9.012443390245943,-5.359559095330114,0.0
-2.1262562504013096,-12.108947843023934,0.0
-5.919248477871842,-9.771642873932636,0.0
13.842813790087177,-5.555993880726801,0.0
-2.748366328184188,-11.629374376230405,0.0
-2.852780968366823,-11.737945257997465,0.0
-5.39322013871449,5.607425795570761,0.0
15.524991237979995,-0.9067670409203606,0.0
-9.509073123410694,0.14870879296856618,0.0
-0.913829774640536,6.41921690109885,0.0
5.212814709137217,-12.400541255729792,0.0
1.7728996011134557,-12.65321841723297,0.0
-6.691134906708582,-8.930038648205999,0.0
-6.7311517788558275,-9.23246795688017,0.0
10.728195745584953,-9.515105580966688,0.0
-8.143454670682539,3.0326612740501355,0.0
12.085692910480132,-8.119959110346125,0.0
4.55422865314026,-12.442031881689516,0.0
-6.654179625136229,-8.91232318124218,0.0
-5.413659965874173,-10.382605449833557,0.0
-9.738271329776211,-0.41346665139939803,0.0
9.382684888940549,-10.419142216230822,0.0
-2.452867627492802,-11.816493863110118,0.0
-9.535185968011003,-4.0323963896104384,0.0
1.4723507192587824,-12.707753422795657,0.0
15.736840367799465,-0.25726815969978567,0.0
-6.116815403882868,-9.74193505704416,0.0
14.601516477636176,-3.9682154106287113,0.0
-9.07485033314429,-5.4248532639884885,0.0
0.5152675802733134,6.108399149253018,0.0
-8.410422449281933,2.6814837844346506,0.0
-6.8556162724747205,-9.00914172402719,0.0
-8.806835038580225,1.9079648422640383,0.0
3.0305607448170164,0.2664696934952548,0.0
14.515018321204048,-3.991897229752841,0.0
12.694915556278076,-7.189217191405272,0.0
8.983431819468418,-10.735608156302662,0.0
-7.043066775162626,4.516253071762777,0.0
-4.21167104924968,6.193436468903302,0.0
-0.5887229084457435,6.431991333027016,0.0
8.19924312483257,-11.137947591332006,0.0
14.914240048425762,-3.4480944106072458,0.0
-6.146450539716189,-9.225259164994275,0.0
-4.258564207434715,6.299810839759258,0.0
-2.554339369371316,-11.785649622035155,0.0
-9.077364350339113,-5.6837470667928365,0.0
-8.490215769500242,-6.922100799554454,0.0
3.1896072082601594,-12.620285028250189,0.0
7.9509586935162915,-11.270172535507628,0.0
-3.5121494921628384,6.327102813907402,0.0
1.935147415780024,5.0997536794647,0.0
15.72178595958934,-0.5965774735693447,0.0
-8.960874194213424,1.0356788771584413,0.0
0.7250288149163738,5.969682747574557,0.0
-7.896926890656256,3.5444789227550477,0.0
1.8259862663571165,5.31933748557246,0.0
-7.894057405119257,-7.9485885700100445,0.0
11.55482851799477,-8.774659125981415,0.0
-9.11170389867892,-5.392958595235145,0.0
-5.720174189915976,-9.91933283321795,0.0
5.7273209604162325,-12.088446448914173,0.0
-2.879794966822211,-11.691005837345301,0.0
13.46489152453343,-6.538770057498605,0.0
13.413399759654117,-6.2619265246086195,0.0
3.706266370600985,2.4354040879632386,0.0
10.48822478445401,-9.532565493427926,0.0
-5.234821108596056,-10.470027001789237,0.0
15.717193271090803,-0.5000764631945785,0.0
-4.07174988895102,-11.178526253975525,0.0
15.681899152951765,-0.6037189269028627,0.0
9.53888579853266,-10.167720641112645,0.0
-9.561171290578333,0.054066408662339846,0.0
-1.243271299431991,-12.284004477833214,0.0
15.873277080507812,-0.4962040534743875,0.0
13.260092133120155,-6.71077530165845,0.0
-2.6895468555196373,6.542762363111691,0.0
7.48339718569996,-11.438288840027987,0.0
-8.943790619474651,-5.547245131789142,0.0
3.6480305592858717,2.0773933691649926,0.0
-7.454872875419204,-8.39405946753739,0.0
-9.163142503950027,0.8431815817309465,0.0
12.102616350379597,-8.134550236235253,0.0
-9.206938939263704,-5.225332399260277,0.0
12.431286015566984,-7.704984700006597,0.0
3.3990783351834675,0.4612655373478329,0.0
-9.608452440708803,-3.342576597369727,0.0
-9.19839124927029,0.3943339455690595,0.0
-9.19269534898677,1.032695846981431,0.0
-0.37268041678494507,6.4745020349344635,0.0
-7.84851320789619,3.5643367963803403,0.0
-0.37121807042505317,-12.602071070952366,0.0
-9.566917161950018,-2.429838617244221,0.0
-6.812922159545621,-9.061445447310062,0.0
-8.392431052500442,-7.147774690414117,0.0
13.597825420482046,-5.738272679346309,0.0
14.494664936298642,-4.452907332911976,0.0
-3.5593624452535213,-11.425440105234584,0.0
-9.297126971359834,-4.778103852222243,0.0
-3.499512166566915,6.4851594906385825,0.0
15.134929879518497,-2.272738891153228,0.0
-0.022731485710217575,5.990909753118401,0.0
-9.600524697248234,-2.745509263530349,0.0
-9.648042413087081,-2.850512113874831,0.0
-9.481108061132442,-4.013782775540053,0.0
-6.827232298153404,4.505410258703941,0.0
10.732636966945687,-9.751965044687212,0.0
-4.222336977014057,6.127806814061341,0.0
3.662274843131228,-12.560568158794577,0.0
-4.4034294294506235,5.896260973524482,0.0
-0.5361447966131643,6.3501472696370955,0.0
14.410319933972328,-4.068275709406172,0.0
-7.913793728467555,3.341599216806857,0.0
12.034065563934982,-8.000744676650958,0.0
-0.9173401744695501,-12.445202517875442,0.0
-1.0548779322954418,6.328663041518481,0.0
15.331117993306483,-2.1932552186800582,0.0
-9.33389185707452,0.1531976340049162,0.0
13.227780217926076,-6.57538259817903,0.0
-7.184353440296963,4.400230257867939,0.0
13.086611202289006,-6.746803490099752,0.0
4.536704669666305,-5.919973664403385,1.0
-13.816418042005807,5.85774385725567,1.0
-15.409806621005256,1.4336434060900447,1.0
7.21571752353786,-3.94399169391833,1.0
-8.310165507141823,11.263100519992065,1.0
-1.6521657643527283,-5.366515182079865,1.0
7.3284758889639825,8.417110615087235,1.0
2.3852889629144647,11.902446717986335,1.0
-1.0975532746722922,12.766831442121145,1.0
-15.050508780890612,3.163544635785318,1.0
-5.743862464830863,12.142827171391794,1.0
3.9457150965722922,11.234401923135374,1.0
-11.753793428195658,8.49329511821442,1.0
-15.13774506039104,2.3273780666334476,1.0
-2.8379393140691054,-4.100638372908339,1.0
-15.615883558030998,0.7619490930520174,1.0
1.9184409881577178,-6.603534394173024,1.0
-12.0363126414168,8.455473855837017,1.0
9.693610873876862,1.7226388053058392,1.0
4.966164034436555,-5.8104560482133865,1.0
5.98274210685755,9.745950506866217,1.0
-4.306381885902135,12.487458325373408,1.0
8.20554785066674,7.168748916236155,1.0
-0.7128246860058463,-6.066790641720489,1.0
-1.8906931432690097,12.70261685432277,1.0
-14.367445495267214,4.718284590788387,1.0
7.989802446897947,7.450123050835493,1.0
8.753028779491007,-2.07377840332872,1.0
5.753718151543047,10.018023703341266,1.0
-1.1110098686750478,-5.778912503377586,1.0
-12.060313787157,8.122642757649631,1.0
-12.225725589048954,7.877892594625037,1.0
-1.3387701669344254,12.654638056233733,1.0
8.883111601267194,5.942013980369515,1.0
-11.231365036664014,8.910479753045163,1.0
0.3054033681723945,12.319257610612478,1.0
-12.149462793273385,7.840692101509604,1.0
-3.7528348803576432,12.588811552746268,1.0
-10.685645388078274,9.418411803703183,1.0
-1.8440063081852716,12.841144718852854,1.0
6.772126039340868,8.731509174439553,1.0
-15.294127899135685,2.005996047707419,1.0
1.0718924504862464,12.2835869096742,1.0
-2.326600883372037,12.638899855358723,1.0
9.012487255776328,-1.7535582632412552,1.0
-3.3965955798380474,12.727166705303459,1.0
-0.56089207115405,12.527855581722914,1.0
7.736983336477983,-3.598654935593731,1.0
-0.16138200900486538,-6.3750336701307555,1.0
-2.226348206399508,12.663690335873858,1.0
-9.800445701479324,10.022820445185744,1.0
2.0831995177978957,12.2307780550731,1.0
8.806168242131609,-1.3866989384544683,1.0
-5.483668576600171,12.031030117427264,1.0
1.323951388706938,-6.75440924234006,1.0
5.917411853647382,9.886393467035246,1.0
6.513035414011932,-4.594061300596635,1.0
7.9691746571875,-3.622935669496699,1.0
8.412377173748531,-2.7126399220301107,1.0
7.913445947229951,7.708895588052011,1.0
-0.7746407964231331,-5.970633538339104,1.0
7.774462835539392,8.190868648265615,1.0
2.7082282209685538,11.68101771711278,1.0
4.1046889266448785,11.089850308343875,1.0
8.03172785224389,7.226575671704275,1.0
-12.675523320328,7.3481769449743926,1.0
5.776044914277807,-5.390142995048913,1.0
2.8383635457891367,11.730710770983183,1.0
-0.10490947461584796,-6.265345782588497,1.0
0.547108458837806,-6.550499834145997,1.0
-0.6071332126960461,12.627885431065417,1.0
-0.35380688517979964,12.444692224018159,1.0
-13.745397931698111,5.884992160832687,1.0
0.23962021203814757,12.494808675827437,1.0
-15.312377143652137,1.917782244255743,1.0
-1.1360646319107908,-5.655552269046363,1.0
3.03847520213654,-6.651667980269859,1.0
-1.3041531032107576,-5.709758759815994,1.0
7.622381724463496,-3.7290010573975536,1.0
1.1339158766534532,12.330126546922788,1.0
-4.425586746107931,12.541273719407286,1.0
-1.4253182936452637,-5.598184901919139,1.0
-15.270832807875056,2.888185175744355,1.0
-12.711743220827953,7.02958968445361,1.0
9.527481168401803,2.8239236008377024,1.0
1.2505642337744387,-6.587455161793316,1.0
7.1853667638511265,-4.420955666962179,1.0
4.855805923618492,-6.043963774846347,1.0
4.397629954939458,-6.170749124404705,1.0
2.3234147192900663,12.14491894220056,1.0
9.432405559563252,-0.1613035380673351,1.0
8.638957938792439,6.184809276259494,1.0
-15.710480991812338,0.6520788766470523,1.0
-6.153283196110634,11.8228150393819,1.0
-15.15809149182267,2.35389433515178,1.0
5.7292062280467055,-5.703557288526794,1.0
7.955839047402206,7.306612247428033,1.0
0.286189718941222,12.51057189759307,1.0
1.063413383197734,-6.517403912139495,1.0
-3.644760349113165,-1.5490881708654085,1.0
-5.733290809296514,12.054327806472024,1.0
-4.172373733105917,12.613327312838143,1.0
6.917153183213431,8.69189087039509,1.0
3.5941988467753982,11.418121878603557,1.0
6.982080530131816,8.673464830634083,1.0
-2.801524476991906,-4.1763517359602,1.0
9.118836571731027,4.849610488618726,1.0
7.305803651221999,-4.063040538645559,1.0
2.6585333126676494,-6.470238286130911,1.0
-15.324750351763765,2.1240206658952308,1.0
-1.883641860754701,12.636822645423877,1.0
-8.311452874416577,11.032451581123782,1.0
9.395134756212908,3.694680128567264,1.0
7.578337377005964,8.005981941639208,1.0
9.25296424627142,-0.7905017635488497,1.0
2.5719594896481257,-6.424431925724796,1.0
7.439070185852269,-3.981514553640242,1.0
-11.10763928270985,8.89068171132207,1.0
-5.898051439754419,12.0101729820851,1.0
0.8319653349144115,12.49581080550252,1.0
4.268303469670456,10.883270755704157,1.0
-14.722024110712466,3.806995121900937,1.0
0.9123240566085756,-6.51897941427603,1.0
9.590346216028795,1.621331056169601,1.0
9.008324947317758,5.696489530199869,1.0
-10.53837739149366,9.340824735089686,1.0
-15.490123284081735,0.3723285154847948,1.0
9.320659857987177,-0.6694384689021637,1.0
-13.609825194206586,6.003024741203002,1.0
-12.24862502423287,7.70342704577675,1.0
9.02123393175583,-1.4985077093371957,1.0
7.438054013211508,8.235771931070897,1.0
7.081513173215435,8.716965326759627,1.0
-15.509676380249472,1.0683622819232526,1.0
7.439826676992193,-3.9148745494790522,1.0
-11.315084632617475,8.707668577160499,1.0
9.288002016647724,4.835028247839037,1.0
-8.722921662421982,10.914180786618182,1.0
6.896494063292082,9.06039989496112,1.0
-0.7248810029906345,12.636175824280754,1.0
-12.50025996167746,7.703411553649867,1.0
-11.42878458121827,8.645077124804658,1.0
-13.45837164988656,6.243129097194927,1.0
-0.10455687325415222,-6.087311114755836,1.0
-6.5928576712545635,11.869153442689012,1.0
5.376295324264798,-5.581624203207827,1.0
6.959730348637175,8.8180770715058,1.0
0.7090032016571742,12.364376305025946,1.0
7.37972624569415,8.235809984230203,1.0
2.149872487581879,11.941663651289964,1.0
-15.510369067252952,0.24689349276320013,1.0
5.336154678305827,-5.756369044110609,1.0
-5.9511097119390435,11.984603121344707,1.0
7.466452303101801,8.197497973672435,1.0
5.059064579546419,-5.771776290730208,1.0
6.587592928628635,-4.995415412469249,1.0
-15.161020541904385,2.4287660932628894,1.0
-13.678911899638312,5.691350661257601,1.0
-14.35955918117521,4.62351136501786,1.0
-15.552130348782052,0.3064471460166813,1.0
8.578986110447644,-2.3030930268241887,1.0
8.61100088280466,6.182308416561099,1.0
-5.585616451038493,12.150194807753705,1.0
4.091674066055895,11.166097961764303,1.0
6.799383788924668,8.880187822345215,1.0
8.744521128773414,6.145157575032,1.0
-1.6849473092283083,12.714239089391427,1.0
-0.7938315027486145,12.722555116279564,1.0
6.668881515333665,-4.629509660743826,1.0
4.581610082940024,10.782677668529528,1.0
0.40858276376462904,12.284694567622296,1.0
-0.4340912623363037,12.622584901092928,1.0
8.505028174502943,-2.2723501298547575,1.0
-8.896232200020512,10.700283252107626,1.0
-2.815856436416093,-4.347593091874579,1.0
8.909229892322696,6.023159948773844,1.0
-10.428357685362112,9.683368043317442,1.0
-0.08144727373706637,12.615992291258568,1.0
9.439671218224264,0.6255500451205624,1.0
-7.039889497339274,11.729920914295924,1.0
-0.4049133430877312,12.587636729014832,1.0
-11.330481184352383,9.151280130621501,1.0
-8.551338713688736,10.85046594093943,1.0
-2.5037712242158245,12.708634087996625,1.0
3.8156542192216616,11.259422291483546,1.0
4.886158542368713,-5.688530423461105,1.0
9.422110960864494,0.8690209524392042,1.0
6.866382723032686,9.05778878375538,1.0
-1.9162219151713311,12.730246454120909,1.0
2.506021940694267,11.887617683105425,1.0
9.680521880593115,2.029175216699223,1.0
-3.4697426494156343,-1.934865329458402,1.0
3.364406042897665,11.519269891339757,1.0
9.634605468631605,2.159325138722368,1.0
-8.651405664396417,10.808523144164841,1.0
-2.62636453335971,-4.240559848770722,1.0
-1.3892553523143307,12.655849654646968,1.0
-15.000066564594793,2.9475816944337914,1.0
7.279212442875345,-4.188927755724553,1.0
4.611549363650725,11.06310956206912,1.0
2.1768797335136973,-6.525817741896934,1.0
-3.3377508208797786,12.522345407896646,1.0
0.6991685586783541,12.436880964485374,1.0
7.520315899742155,8.456716208813017,1.0
2.213898698086147,11.808196186053564,1.0
-14.29509776219699,5.08752018532982,1.0
8.115145918758373,-2.979916844088243,1.0
-2.995963386558808,-4.019414362802177,1.0
-13.50707147682805,6.466983734637176,1.0
-0.804412654928769,12.526367789380497,1.0
-14.000491821978764,5.144026341021623,1.0
-1.9478718264905628,12.805231272201967,1.0
-11.592204721276397,8.383239718383756,1.0
6.415315733323935,9.177829573759455,1.0
-9.409509581763695,10.44115444270236,1.0
-14.575845128430391,4.163651464685058,1.0
-0.3476380626568808,12.650016540530553,1.0
7.637802459745055,-3.7701561398970505,1.0
9.59273094761332,1.1811266159927007,1.0
8.214622921685415,-2.8995158215957098,1.0
9.390976651261692,-0.06635784141251999,1.0
9.48034767042708,3.1817564214493665,1.0
0.1765662470158711,12.548923048629085,1.0
-1.1425353835336634,12.769044406452837,1.0
6.507604437845298,9.183946127880018,1.0
-2.7551336599229774,12.545455513947168,1.0
1.4877678906940328,-6.637505208122837,1.0
1.8951345265115878,-6.642717302144076,1.0
7.156390500454397,-4.1969973032882875,1.0
2.140440333394752,11.906027555055864,1.0
8.936282682034404,-2.1708474442872725,1.0
9.505471536511997,1.9167868430544568,1.0
7.351647262447125,8.32563137875557,1.0
-11.80102957469212,8.426872031014677,1.0
-3.2844751218163766,-3.133099656159534,1.0
-4.558810850203243,12.448775582196232,1.0
-5.672501549931147,12.347182195020807,1.0
-11.156852927490545,8.827894708489968,1.0
-14.853426024855661,3.3901843350752854,1.0
-3.039666750291118,-3.8109783194169644,1.0
6.358252417033732,-5.075187484237845,1.0
-13.727205443065543,5.641604143697527,1.0
5.367799874349861,10.345540893146445,1.0
-0.17876798366236357,12.548018663428735,1.0
-5.092292926308739,12.175161665884081,1.0
-6.017666234745327,12.157308484241904,1.0
-14.859367022909316,3.475284095085731,1.0
-15.857286755327566,0.31746119736360495,1.0
-8.034728846463663,11.361317287026127,1.0
9.54439825200936,2.190981545848158,1.0
-13.725223802915687,5.637143826448714,1.0
-0.9359114294448203,-6.004202323115978,1.0
8.907536347973517,-0.9066902225275816,1.0
-14.230788687407516,4.937971433086667,1.0
9.607191447117954,0.3181070383123415,1.0
8.862754691718871,-1.5767417429467911,1.0
5.479351523137103,-5.736097410942933,1.0
-13.220613590684525,6.5984398577576835,1.0
3.233651393907434,11.577265928284781,1.0
-5.876300417123139,12.192190672703658,1.0
9.141792505692845,-0.6508887205090398,1.0
-9.794511869780669,10.080886538478238,1.0
-9.69345985884921,10.174891697449388,1.0
9.476362959053187,3.794555864391229,1.0
7.076003692587527,8.660511646607395,1.0
8.544451083095485,-2.247271993365533,1.0
-15.54767088203078,1.0469454908487115,1.0
-4.261658663713898,12.495190043884442,1.0
-14.990164152711717,3.1116295881460716,1.0
9.420730490062203,3.232734829519728,1.0
-10.5724564139211,9.479610556562823,1.0
-10.026543152719508,10.058290578921898,1.0
-6.66886251677415,11.95110984077493,1.0
-15.237675258814091,1.752585911634825,1.0
7.678328366099914,7.936916093475898,1.0
4.984866193826666,-5.973232828838405,1.0
-5.80844143635471,12.176362496121188,1.0
-8.455671081025908,10.96209277244348,1.0
-0.601732151360818,12.619269647104282,1.0
8.345694102183387,-2.5204810333003986,1.0
3.002583586271526,11.594480835456325,1.0
9.488657987846908,3.470527190044513,1.0
6.45814951263337,9.278812349220365,1.0
-4.242875597886456,12.520859936363191,1.0
-9.102659562268137,10.459565267840688,1.0
9.285663316159576,-1.0423201152852652,1.0
7.181843470101468,8.623775287222903,1.0
9.607336874923293,1.241335455197317,1.0
8.246398382671922,-2.7617302507012766,1.0
-10.81192638735787,9.46589090871894,1.0
-14.38895129639988,4.468651816970103,1.0
8.610466493452874,6.723638593633599,1.0
-9.398396519400233,10.358896716473485,1.0
-14.169289415723854,4.634735532695116,1.0
-12.867255125562604,7.212894425825535,1.0
7.576519544596264,-3.588643480147364,1.0
-15.463846952352242,2.0802552917161865,1.0
8.127766475602058,7.087836719541148,1.0
8.949214168158017,5.104291094236526,1.0
0.16498802766764326,-6.243191203691806,1.0
3.8611544595530605,11.368562617666457,1.0
3.4846156099970145,-6.5593274662046905,1.0
9.494920280940056,-0.04548105996049682,1.0
9.314581496068866,3.910134938577315,1.0
-11.726532424202135,8.548615081167101,1.0
-13.69239624630424,5.9051682486735535,1.0
9.664171364948617,3.0857989771794974,1.0
-13.193841784619835,6.564752101385694,1.0
-13.17740252256829,6.61507682669986,1.0
-9.94871265220672,10.123463357752543,1.0
5.940559805360958,-5.292872235891256,1.0
-6.587200600520033,11.889052498244475,1.0
-15.225679111643835,2.549116569532914,1.0
-6.222563860345205,11.966532620052606,1.0
9.113924608254228,4.851422609422491,1.0
3.1819731757085457,11.610136499159319,1.0
-4.420714490824437,12.562581069661649,1.0
2.9320290905054156,11.997880526068252,1.0
4.260303879098174,-6.058420038660807,1.0
9.339425082595243,3.6683675669060753,1.0
-11.432480263997798,8.71877804737623,1.0
-13.268674147243281,6.205491541916888,1.0
5.5246552028774,-5.683139971640936,1.0
-15.28786299782947,2.290924503254332,1.0
9.107352191550628,4.645575815972533,1.0
-5.136965358334756,12.292366087588093,1.0
-9.558026162100939,10.375606903193,1.0
-11.803426240929587,8.244668891770234,1.0
-15.159296268710113,2.5475576113121026,1.0
9.464137900740102,3.7557578332841626,1.0
-13.169654614318295,6.754727847779768,1.0
4.9477542716237295,-5.854043016091696,1.0
-7.340339550410975,11.609619228216966,1.0
-8.996766498367338,10.778591846159296,1.0
-5.97458788679498,12.002662981100094,1.0
9.462586249586307,0.17385504613377611,1.0
-13.591941497030751,5.890996444982085,1.0
7.12259368039961,-4.32299821998333,1.0
-0.6591457823817979,-5.996286850219708,1.0
-7.848379936879255,11.331839527745627,1.0
4.219309694280178,10.88693139915391,1.0
-12.95988433828446,7.043575301032344,1.0
8.048080252931026,7.644903326536511,1.0
7.083970286905504,-4.536712594373415,1.0
-12.645644553095725,7.449399491222882,1.0
0.6468875554516262,12.454562579495962,1.0
7.841480106242215,-3.3414928418502847,1.0
-7.974445905345907,11.17760490832271,1.0
2.7542892290391308,11.54894723667782,1.0
-2.2504833144403844,12.85578812183241,1.0
5.134063032530208,10.603187377094194,1.0
-12.315357008591791,7.612803942204014,1.0
-12.368006729294816,7.69312828072683,1.0
-7.538963029262631,11.640531965488433,1.0
3.3391562365179985,-6.296554666174214,1.0
-12.619666807300536,7.481222005210296,1.0
-5.428211226712949,12.16932918701485,1.0
-7.016115098965432,11.748036280994759,1.0
8.619286570199993,6.417915462817819,1.0
-13.849017213570573,5.807147667311529,1.0
-8.342648032542202,11.025711589026516,1.0
3.7661966896041736,-6.401207113861783,1.0
7.208062166130287,8.640632367644606,1.0
-13.679884475402277,5.3778340628496535,1.0
-1.2182044029848969,-5.6098770927602235,1.0
-15.460471357352356,1.8209018592211552,1.0
-6.033422841750911,12.055021914635008,1.0
-3.83735383854298,12.522624873646688,1.0
9.591348222094965,1.222951373032307,1.0
9.410907479129738,-0.21937252353764772,1.0
-14.997997844298078,2.768858683411786,1.0
9.684448705274123,2.716517649019247,1.0
-10.445744758327209,9.754431700696955,1.0
7.679449459682211,7.9614558454943625,1.0
5.3965916020332205,-5.773731705806191,1.0
-3.6482450053404145,-2.556511812414099,1.0
0.9863417374104777,12.625202588655371,1.0
-15.636638779930225,1.194309000713409,1.0
8.36605133187414,6.677285749699846,1.0
8.60938103510458,6.415886207585907,1.0
9.0498738632851,5.309940523583264,1.0
2.355549825052637,12.014693388518946,1.0
5.788160823434727,9.858882004380714,1.0
-13.997417531108312,5.801091949401513,1.0
2.9172184095007236,11.751491926306365,1.0
2.8200628618068424,11.71321353324243,1.0
5.442920932854687,-5.725674326902527,1.0
-15.620544625763342,0.8149429012622627,1.0
9.404373221539453,-0.10229805998137019,1.0
0.8920900503528193,-6.4843838911371465,1.0
-5.156647477024903,12.240415030386744,1.0
-1.9324568983905714,12.57035153140728,1.0
6.889148541475512,8.97593954672484,1.0
6.68092831462235,9.087694354790653,1.0
-10.861655886607572,9.24393147425218,1.0
8.310259332548144,-3.0977781714449417,1.0
-12.109654013632031,8.118524764553243,1.0
-4.53200284064551,12.291694381897683,1.0
6.83819141421527,9.040618572384703,1.0
5.111892279940463,10.330579485331109,1.0
9.314921037976202,0.5654823103631588,1.0
-9.475138158833218,10.451718699800523,1.0
2.665541701839877,11.827519610990706,1.0
9.34493165217193,4.0851366288715605,1.0
-1.857757383374056,12.709888071987615,1.0
-15.587155206227271,0.2716341484370738,1.0
6.108103636650835,9.640099044077084,1.0
-14.76155339968114,3.8019790034738032,1.0
8.991241982038527,5.497317260274631,1.0
-0.5351669312749021,-6.110987190012758,1.0
8.659647334202582,-2.6580680246082884,1.0
6.875708355622162,8.787696535501484,1.0
8.97222542711661,-1.6698987445896265,1.0
-3.3666200310062413,-0.2850017649215604,1.0
-14.703290318313776,4.0100785690702185,1.0
-12.80128781740727,7.375216400041841,1.0
-8.998348895779706,10.683474727873968,1.0
6.881410725177153,-4.5606143982285205,1.0
4.273925974248855,-6.066799114887857,1.0
0.44272099145165084,-6.356489235449397,1.0
-8.158654637697687,11.185533432086046,1.0
-14.807977620766165,3.4017295419704037,1.0
6.361211756386129,9.509145936659122,1.0
4.159686744398362,-6.207561004261749,1.0
2.535395167141683,11.91352645669829,1.0
8.77708293128349,5.504432537212112,1.0
8.429497652987449,6.979429173316202,1.0
-3.1037847342200604,12.844300015670154,1.0
-7.974000028460583,11.196086265245002,1.0
3.537121552997435,-6.4178430761833125,1.0
-1.7789219144442208,-5.152641547075966,1.0
-15.777128548858755,0.15805428639267474,1.0
9.104871185707202,-1.2354468708515025,1.0
-0.6414745704520411,-6.041588995437953,1.0
7.9846063377897885,-3.3716259805185937,1.0
-1.7293374527531131,-5.322653585345149,1.0
7.917730110183593,7.81520437186176,1.0
-11.368655458877663,8.773975197653643,1.0
8.945015054701747,5.390630633883971,1.0
5.7449280030421,9.947628956196276,1.0
-5.852841153821969,12.060132927639394,1.0
2.9686716045220156,11.75867725196732,1.0
-13.461163332453635,6.517616554304826,1.0
-13.327872338027378,6.40653002208576,1.0
-3.542947386042089,-2.63472064142282,1.0
-10.412264796836913,9.612608350323285,1.0
5.040431859636676,10.555749864026845,1.0
-15.712229774130265,0.45039916462445334,1.0
4.087847935115592,11.180729873832512,1.0
-15.546587168889499,0.4986288302475322,1.0
-9.439159015204678,10.151249521569564,1.0
9.405529004246182,-0.04590119357731554,1.0
1.199718573637063,12.259481522071145,1.0
-15.809533465794916,0.40781946431836846,1.0
-13.128856160454768,6.622159707797782,1.0
2.7261840284634893,-6.630621038668739,1.0
-7.472441108790667,11.544156764501743,1.0
8.9110000986653,5.398306918862499,1.0
-3.6737530174547364,-1.9618877862960649,1.0
7.197411915005051,8.217773908600956,1.0
9.104759066868473,-0.9162357759122369,1.0
-12.112455044418539,8.05982022300141,1.0
9.082084822864909,5.1326487520784925,1.0
-12.362706183275247,7.7999355205451195,1.0
-3.570949429684655,-0.5796744391229,1.0
9.721934512611897,3.5000871004186966,1.0
9.423408530065238,-0.5183907461406919,1.0
9.086113983260946,-0.9141473893332124,1.0
0.47587404519891685,-6.5054401678047595,1.0
7.861083853652465,-3.6663982835725015,1.0
0.4843440415494105,12.5133490149764,1.0
9.53441267971744,2.422908800654555,1.0
6.951222543702864,9.005783296082017,1.0
8.138087344034576,7.114507519638244,1.0
-13.843536034908347,5.861721523365305,1.0
-14.32931028188811,4.370239272624926,1.0
3.6752246287756094,11.615802093450053,1.0
9.50354473843576,4.664198996126756,1.0
3.243682238532146,-6.350842022387243,1.0
-15.173011543138003,2.191067847901068,1.0
-0.22042850266533048,-6.192140322719709,1.0
9.668732496430485,2.693487769809526,1.0
9.441149699905852,2.893295614313829,1.0
9.258172294464053,4.0984304918997765,1.0
6.74283247331996,-4.612018260194666,1.0
-10.688343499293605,9.504092066380622,1.0
4.367548643581215,-6.22315245934885,1.0
-3.7475577506962074,12.521275353401494,1.0
4.622056995606467,-6.019595708176451,1.0
0.6934127068392071,-6.238175076769081,1.0
-14.326350443943912,4.329989250312014,1.0
7.975699986871692,-3.313046666429844,1.0
-12.201518559902759,8.063143427302732,1.0
1.072246683865258,12.574361094614234,1.0
1.145275410075297,-6.712415498100323,1.0
-15.179515520074796,2.185691498467403,1.0
9.542126116053375,-0.3423124933897328,1.0
-13.2251423488485,6.284737617258521,1.0
6.886331892488065,-4.3819481361067965,1.0
-13.199279239994027,6.787180096879061,1.0
